stream,eta,tau,beta,n_scenes,FP_model,FP_GT,diff,ci_lo,ci_hi
vggt_point,0.02,1,0.1,128,0.356144,0.126298,0.229847,0.205325,0.253987
vggt_point,0.02,1,0.2,128,0.233459,0.063605,0.169854,0.151401,0.187693
vggt_point,0.02,1,0.3,128,0.145667,0.031832,0.113835,0.100956,0.126187
vggt_point,0.02,2,0.1,128,0.355652,0.126298,0.229355,0.204767,0.253683
vggt_point,0.02,2,0.2,128,0.233191,0.063605,0.169586,0.150986,0.187668
vggt_point,0.02,2,0.3,128,0.145391,0.031832,0.113559,0.100624,0.125981
vggt_point,0.02,3,0.1,128,0.355440,0.126298,0.229142,0.204412,0.253633
vggt_point,0.02,3,0.2,128,0.233087,0.063605,0.169482,0.150811,0.187742
vggt_point,0.02,3,0.3,128,0.145805,0.031832,0.113973,0.101004,0.126571
vggt_point,0.05,1,0.1,128,0.357277,0.062305,0.294971,0.268373,0.321157
vggt_point,0.05,1,0.2,128,0.218864,0.028174,0.190691,0.170134,0.211316
vggt_point,0.05,1,0.3,128,0.131054,0.013091,0.117963,0.104032,0.131781
vggt_point,0.05,2,0.1,128,0.356130,0.062305,0.293825,0.267190,0.320105
vggt_point,0.05,2,0.2,128,0.218393,0.028174,0.190219,0.169624,0.210699
vggt_point,0.05,2,0.3,128,0.130946,0.013091,0.117856,0.103937,0.131676
vggt_point,0.05,3,0.1,128,0.355123,0.062305,0.292818,0.266238,0.319252
vggt_point,0.05,3,0.2,128,0.217966,0.028174,0.189792,0.169150,0.210324
vggt_point,0.05,3,0.3,128,0.130698,0.013091,0.117608,0.103616,0.131503
vggt_point,0.1,1,0.1,128,0.332723,0.036070,0.296653,0.269974,0.323974
vggt_point,0.1,1,0.2,128,0.194225,0.015979,0.178246,0.157419,0.199483
vggt_point,0.1,1,0.3,128,0.110719,0.007263,0.103456,0.089757,0.118103
vggt_point,0.1,2,0.1,128,0.332528,0.036070,0.296459,0.269787,0.323808
vggt_point,0.1,2,0.2,128,0.194020,0.015979,0.178041,0.157177,0.199254
vggt_point,0.1,2,0.3,128,0.110698,0.007263,0.103436,0.089760,0.118040
vggt_point,0.1,3,0.1,128,0.332483,0.036070,0.296413,0.269814,0.323711
vggt_point,0.1,3,0.2,128,0.193992,0.015979,0.178013,0.157125,0.199292
vggt_point,0.1,3,0.3,128,0.110739,0.007263,0.103477,0.089789,0.118061
vggt_depth,0.02,1,0.1,128,0.408280,0.126298,0.281982,0.256014,0.307630
vggt_depth,0.02,1,0.2,128,0.281705,0.063605,0.218099,0.198808,0.236712
vggt_depth,0.02,1,0.3,128,0.180403,0.031832,0.148571,0.135052,0.161830
vggt_depth,0.02,2,0.1,128,0.407684,0.126298,0.281386,0.255397,0.307112
vggt_depth,0.02,2,0.2,128,0.281495,0.063605,0.217890,0.198563,0.236658
vggt_depth,0.02,2,0.3,128,0.180287,0.031832,0.148455,0.134910,0.161815
vggt_depth,0.02,3,0.1,128,0.407381,0.126298,0.281083,0.254979,0.306874
vggt_depth,0.02,3,0.2,128,0.281571,0.063605,0.217966,0.198589,0.236830
vggt_depth,0.02,3,0.3,128,0.180371,0.031832,0.148539,0.134957,0.161959
vggt_depth,0.05,1,0.1,128,0.418655,0.062305,0.356350,0.330438,0.382056
vggt_depth,0.05,1,0.2,128,0.278483,0.028174,0.250309,0.229898,0.270475
vggt_depth,0.05,1,0.3,128,0.173830,0.013091,0.160739,0.146361,0.175060
vggt_depth,0.05,2,0.1,128,0.417709,0.062305,0.355404,0.329557,0.381150
vggt_depth,0.05,2,0.2,128,0.277931,0.028174,0.249757,0.229249,0.269936
vggt_depth,0.05,2,0.3,128,0.173563,0.013091,0.160473,0.146139,0.174798
vggt_depth,0.05,3,0.1,128,0.416268,0.062305,0.353963,0.327741,0.380040
vggt_depth,0.05,3,0.2,128,0.277068,0.028174,0.248894,0.228355,0.269216
vggt_depth,0.05,3,0.3,128,0.173173,0.013091,0.160082,0.145749,0.174519
vggt_depth,0.1,1,0.1,128,0.405277,0.036070,0.369207,0.342809,0.396103
vggt_depth,0.1,1,0.2,128,0.258864,0.015979,0.242885,0.222705,0.263614
vggt_depth,0.1,1,0.3,128,0.159107,0.007263,0.151845,0.137358,0.167271
vggt_depth,0.1,2,0.1,128,0.405017,0.036070,0.368947,0.342508,0.395752
vggt_depth,0.1,2,0.2,128,0.258854,0.015979,0.242876,0.222705,0.263498
vggt_depth,0.1,2,0.3,128,0.159145,0.007263,0.151883,0.137444,0.167301
vggt_depth,0.1,3,0.1,128,0.404815,0.036070,0.368746,0.342367,0.395598
vggt_depth,0.1,3,0.2,128,0.258829,0.015979,0.242850,0.222707,0.263437
vggt_depth,0.1,3,0.3,128,0.159135,0.007263,0.151872,0.137486,0.167316
pi3_local,0.02,1,0.1,128,0.378453,0.126298,0.252155,0.225422,0.279187
pi3_local,0.02,1,0.2,128,0.268140,0.063605,0.204535,0.184203,0.224589
pi3_local,0.02,1,0.3,128,0.173184,0.031832,0.141352,0.127419,0.155211
pi3_local,0.02,2,0.1,128,0.377452,0.126298,0.251154,0.224322,0.278188
pi3_local,0.02,2,0.2,128,0.267678,0.063605,0.204073,0.183759,0.224192
pi3_local,0.02,2,0.3,128,0.172782,0.031832,0.140950,0.127108,0.154806
pi3_local,0.02,3,0.1,128,0.376916,0.126298,0.250619,0.223883,0.277568
pi3_local,0.02,3,0.2,128,0.267045,0.063605,0.203440,0.183370,0.223328
pi3_local,0.02,3,0.3,128,0.172230,0.031832,0.140398,0.126791,0.154059
pi3_local,0.05,1,0.1,128,0.388532,0.062305,0.326227,0.298903,0.353584
pi3_local,0.05,1,0.2,128,0.270204,0.028174,0.242030,0.220676,0.263682
pi3_local,0.05,1,0.3,128,0.173016,0.013091,0.159925,0.144188,0.176486
pi3_local,0.05,2,0.1,128,0.387567,0.062305,0.325262,0.297802,0.352683
pi3_local,0.05,2,0.2,128,0.269589,0.028174,0.241415,0.219907,0.263223
pi3_local,0.05,2,0.3,128,0.172533,0.013091,0.159442,0.143696,0.176081
pi3_local,0.05,3,0.1,128,0.387261,0.062305,0.324956,0.297451,0.352394
pi3_local,0.05,3,0.2,128,0.269373,0.028174,0.241199,0.219554,0.263104
pi3_local,0.05,3,0.3,128,0.172397,0.013091,0.159306,0.143540,0.175958
pi3_local,0.1,1,0.1,128,0.380500,0.036070,0.344430,0.317125,0.371989
pi3_local,0.1,1,0.2,128,0.255225,0.015979,0.239246,0.219576,0.259422
pi3_local,0.1,1,0.3,128,0.156225,0.007263,0.148962,0.135827,0.162672
pi3_local,0.1,2,0.1,128,0.380105,0.036070,0.344035,0.316789,0.371652
pi3_local,0.1,2,0.2,128,0.254859,0.015979,0.238881,0.219256,0.259119
pi3_local,0.1,2,0.3,128,0.155929,0.007263,0.148666,0.135531,0.162392
pi3_local,0.1,3,0.1,128,0.379656,0.036070,0.343587,0.316388,0.371186
pi3_local,0.1,3,0.2,128,0.254531,0.015979,0.238553,0.218932,0.258768
pi3_local,0.1,3,0.3,128,0.155666,0.007263,0.148403,0.135286,0.162070
