rank,scene,frame,boundary_reduction
0,seasidetown-P003,000048,+212.08742
1,japanesealley-P003,000370,+52.87366
2,soulcity-P002,000454,+39.43685
3,seasidetown-P002,000226,+36.24525
4,soulcity-P005,000572,+31.03934
5,oldtown-P002,001404,+26.33719
6,oldtown-P007,001098,+23.96605
7,oldtown-P002,000090,+20.15625
8,office-P002,000908,+16.86949
9,seasidetown-P008,000214,+14.29812
10,office2-P004,001436,+9.27220
11,abandonedfactory_night-P011,000012,+8.27886
12,soulcity-P010,001212,+6.95523
13,oldtown-P000,000248,+6.23153
14,seasidetown-P004,000158,+6.11143
15,oldtown-P007,000044,+5.53424
16,soulcity-P001,000510,+4.05535
17,abandonedfactory-P004,000586,+2.80464
18,neighborhood-P021,000944,+2.15462
19,office2-P008,001380,+2.09150
20,oldtown-P005,000288,+1.80658
21,office2-P004,000322,+1.61792
22,neighborhood-P003,000260,+1.47737
23,abandonedfactory-P010,000632,+1.21992
24,hospital-P033,000242,+1.21303
25,neighborhood-P014,000030,+1.13529
26,ocean-P004,000468,+1.11839
27,hospital-P007,000736,+1.08459
28,abandonedfactory_night-P004,000174,+0.94443
29,hospital-P006,000208,+0.93734
30,abandonedfactory_night-P001,000462,+0.71770
31,westerndesert-P011,000116,+0.63942
32,abandonedfactory_night-P008,000184,+0.50640
33,neighborhood-P014,000838,+0.47546
34,neighborhood-P001,001902,+0.42821
35,amusement-P003,000472,+0.37967
36,neighborhood-P013,001170,+0.31500
37,ocean-P004,000444,+0.27363
38,abandonedfactory-P002,000006,+0.26825
39,neighborhood-P001,002708,+0.25507
40,endofworld-P002,000588,+0.24297
41,endofworld-P002,000746,+0.23915
42,abandonedfactory-P005,000522,+0.23162
43,hospital-P009,000304,+0.21915
44,neighborhood-P019,000022,+0.18947
45,amusement-P004,000452,+0.18733
46,gascola-P005,000884,+0.15647
47,soulcity-P001,000576,+0.15411
48,amusement-P003,000828,+0.15238
49,endofworld-P004,000270,+0.13406
50,hospital-P034,000110,+0.13123
51,amusement-P003,001402,+0.10138
52,neighborhood-P000,003952,+0.09644
53,amusement-P006,001446,+0.09034
54,office2-P009,000936,+0.07621
55,office-P005,000590,+0.07459
56,abandonedfactory-P011,001536,+0.06918
57,gascola-P007,000536,+0.06824
58,seasonsforest_winter-P002,000308,+0.06055
59,abandonedfactory-P011,002308,+0.05514
60,ocean-P004,000524,+0.05503
61,neighborhood-P000,001524,+0.04738
62,soulcity-P008,001112,+0.03885
63,neighborhood-P000,000010,+0.03830
64,seasonsforest-P002,000252,+0.03574
65,seasonsforest_winter-P005,001022,+0.03379
66,seasonsforest-P003,000148,+0.03218
67,japanesealley-P005,000442,+0.03153
68,neighborhood-P014,000576,+0.03127
69,neighborhood-P001,001050,+0.02833
70,abandonedfactory-P010,000054,+0.02765
71,seasonsforest_winter-P000,001948,+0.02680
72,abandonedfactory_night-P003,000152,+0.02497
73,soulcity-P000,001208,+0.02466
74,gascola-P004,001512,+0.02430
75,abandonedfactory_night-P007,000654,+0.02417
76,gascola-P006,001322,+0.02363
77,amusement-P008,000176,+0.02128
78,abandonedfactory_night-P001,000090,+0.02061
79,neighborhood-P013,000386,+0.01837
80,amusement-P006,000098,+0.01750
81,abandonedfactory_night-P011,001810,+0.01664
82,seasonsforest_winter-P000,000522,+0.01619
83,abandonedfactory-P008,001354,+0.01601
84,seasonsforest_winter-P000,001874,+0.01578
85,office-P004,001368,+0.01550
86,carwelding-P002,000152,+0.01473
87,abandonedfactory_night-P010,000200,+0.01244
88,abandonedfactory-P000,001646,+0.01102
89,gascola-P006,001218,+0.01036
90,seasonsforest_winter-P003,000746,+0.00972
91,gascola-P005,001430,+0.00940
92,seasidetown-P007,000540,+0.00908
93,soulcity-P008,001114,+0.00824
94,seasonsforest_winter-P009,000432,+0.00780
95,soulcity-P006,001862,+0.00775
96,amusement-P002,000226,+0.00770
97,seasonsforest_winter-P000,001932,+0.00760
98,seasonsforest_winter-P001,000462,+0.00706
99,abandonedfactory_night-P008,001812,+0.00671
100,hospital-P031,000072,+0.00562
101,seasonsforest_winter-P000,000938,+0.00553
102,endofworld-P006,000074,+0.00516
103,seasidetown-P003,000100,+0.00486
104,hospital-P005,000462,+0.00465
105,hospital-P020,000102,+0.00432
106,endofworld-P001,000336,+0.00430
107,seasidetown-P008,000626,+0.00382
108,hospital-P023,000174,+0.00369
109,japanesealley-P003,000486,+0.00352
110,hospital-P007,000206,+0.00269
111,hospital-P020,000332,+0.00233
112,abandonedfactory-P000,001770,+0.00219
113,amusement-P006,000808,+0.00196
114,seasidetown-P003,000296,-0.00039
115,carwelding-P001,000658,-0.00203
116,oldtown-P000,000502,-0.00212
117,soulcity-P006,000560,-0.00269
118,westerndesert-P001,000250,-0.00358
119,japanesealley-P002,000610,-0.00401
120,hospital-P032,000318,-0.00436
121,gascola-P004,001850,-0.00444
122,abandonedfactory-P002,000700,-0.00460
123,neighborhood-P012,000184,-0.00555
124,seasonsforest_winter-P003,000986,-0.00570
125,westerndesert-P008,000020,-0.00575
126,gascola-P006,000862,-0.00596
127,seasonsforest_winter-P000,000856,-0.00695
128,japanesealley-P007,000288,-0.00744
129,hospital-P023,000268,-0.00793
130,neighborhood-P000,000766,-0.00809
131,neighborhood-P019,001472,-0.00852
132,oldtown-P005,000390,-0.00858
133,neighborhood-P001,001116,-0.00933
134,neighborhood-P003,001992,-0.00967
135,carwelding-P001,000884,-0.00983
136,abandonedfactory_night-P008,001458,-0.01000
137,soulcity-P010,000358,-0.01146
138,hospital-P016,000186,-0.01239
139,office-P001,001030,-0.01282
140,carwelding-P002,000370,-0.01291
141,amusement-P006,000876,-0.01338
142,carwelding-P002,001064,-0.01344
143,neighborhood-P000,000352,-0.01532
144,abandonedfactory_night-P012,000256,-0.01616
145,seasidetown-P005,000396,-0.01621
146,gascola-P007,002234,-0.01781
147,neighborhood-P008,000630,-0.01884
148,abandonedfactory_night-P003,000350,-0.02050
149,abandonedfactory-P004,000106,-0.02105
150,seasonsforest-P004,000218,-0.02237
151,hospital-P011,000174,-0.02340
152,carwelding-P005,000096,-0.02432
153,gascola-P003,001308,-0.03343
154,abandonedfactory_night-P013,000394,-0.03389
155,oldtown-P001,000742,-0.03434
156,hospital-P017,000314,-0.03941
157,abandonedfactory_night-P012,000192,-0.04778
158,neighborhood-P001,000886,-0.05082
159,abandonedfactory_night-P013,000464,-0.05408
160,abandonedfactory-P010,001258,-0.06206
161,office-P002,000390,-0.07312
162,soulcity-P003,000090,-0.07376
163,abandonedfactory-P011,000150,-0.09043
164,hospital-P010,000148,-0.10622
165,abandonedfactory-P000,000910,-0.11204
166,office-P000,000650,-0.14343
167,gascola-P007,000062,-0.15497
168,abandonedfactory_night-P013,002326,-0.16616
169,neighborhood-P013,001086,-0.18578
170,abandonedfactory_night-P007,001494,-0.20403
171,abandonedfactory_night-P002,000028,-0.20635
172,office-P000,000116,-0.22761
173,office-P002,000486,-0.24811
174,hospital-P035,000042,-0.31236
175,neighborhood-P018,000390,-0.31373
176,seasonsforest-P002,000164,-0.39642
177,neighborhood-P019,000340,-0.39806
178,abandonedfactory-P006,000432,-0.46077
179,abandonedfactory_night-P001,000820,-0.46382
180,seasonsforest_winter-P000,002108,-0.54242
181,ocean-P000,001030,-0.55435
182,ocean-P005,000408,-0.57964
183,neighborhood-P001,001636,-0.77852
184,ocean-P002,000000,-1.03598
185,office2-P009,000356,-1.48234
186,hospital-P017,000020,-1.53788
187,neighborhood-P008,001142,-1.54184
188,ocean-P008,000980,-2.36179
189,ocean-P009,000020,-2.51278
190,office-P002,000096,-2.86853
191,ocean-P000,000848,-3.12444
192,neighborhood-P018,000702,-3.21287
193,office2-P007,000026,-3.63801
194,soulcity-P006,000104,-3.65190
195,gascola-P006,001520,-3.71363
196,office2-P007,000048,-6.25402
197,office-P002,000254,-8.76233
198,soulcity-P001,000202,-8.78241
199,japanesealley-P004,000498,-19.71844
