family,id,bucket,A,B,FP_A,FP_B,mean,lo,hi,n_pairs,n_design,status
control,C:squared/free,control,position_squared,position,0.2925595238095238,0.0,0.2925595238095238,0.28467261904761904,0.30044642857142856,70,70,PRESENT+
primary,O:grad/free/clean,objective,position+grad,position,0.03251488095238096,0.0,0.03251488095238096,0.02462797619047619,0.041220238095238095,70,70,NEGLIGIBLE
primary,O:grad/cnn_small/clean,objective,position+grad,position,0.04551282051282052,0.07964743589743589,-0.03413461538461538,-0.04519230769230769,-0.023237179487179484,65,70,NEGLIGIBLE
primary,O:grad/cnn_large/clean,objective,position+grad,position,0.02065972222222222,0.08402777777777778,-0.06336805555555555,-0.09600694444444445,-0.04244791666666667,60,70,PRESENT-
primary,O:normal/free/clean,objective,position+normal,position,0.08683035714285714,0.0,0.08683035714285714,0.07797619047619048,0.09587721025910372,70,70,PRESENT+
primary,O:normal/cnn_small/clean,objective,position+normal,position,0.07199754901960785,0.08026960784313723,-0.00827205882352941,-0.016544117647058824,-0.0006127450980392145,68,70,NEGLIGIBLE
primary,O:normal/cnn_large/clean,objective,position+normal,position,0.05998263888888889,0.08559027777777778,-0.025607638888888888,-0.05765446282679739,-0.004340277777777776,60,70,INCONCLUSIVE
primary,O:conf/free/clean,objective,position+conf,position,0.0,0.0,0.0,0.0,0.0,70,70,NEGLIGIBLE
primary,O:conf/cnn_small/clean,objective,position+conf,position,0.10495580808080808,0.08096590909090909,0.023989898989898988,0.00394570707070707,0.051229435903149295,66,70,INCONCLUSIVE
primary,O:conf/cnn_large/clean,objective,position+conf,position,0.11448506289308177,0.08303852201257862,0.031446540880503145,-0.007740675869404365,0.0694368814742879,53,70,INCONCLUSIVE
primary,O:conf_noclip/free/clean,objective,position+conf_noclip,position,0.0,0.0,0.0,0.0,0.0,70,70,NEGLIGIBLE
primary,O:conf_noclip/cnn_small/clean,objective,position+conf_noclip,position,0.08309659090909093,0.08065025252525253,0.002446338383838384,-0.009121662396019014,0.013698682598039294,66,70,NEGLIGIBLE
primary,O:conf_noclip/cnn_large/clean,objective,position+conf_noclip,position,0.0921474358974359,0.08533653846153848,0.006810897435897436,-0.02433894230769231,0.04188495710784332,52,70,NEGLIGIBLE
primary,T:mixed/free,target,mixed,clean,0.2948660714285715,0.0,0.2948660714285715,0.2934523809523809,0.29650297619047616,70,70,PRESENT+
primary,T:mixed/cnn_small,target,mixed,clean,0.2846433080808081,0.08049242424242424,0.20415088383838384,0.1941287878787879,0.2137784090909091,66,70,PRESENT+
primary,T:mixed/cnn_large,target,mixed,clean,0.288422131147541,0.08452868852459017,0.2038934426229508,0.17011699915621986,0.22489754098360656,61,70,PRESENT+
primary,P:cnn_small,predictor,cnn_small,free,0.08026960784313723,0.0,0.08026960784313723,0.06881206296856979,0.09482230392156864,68,70,PRESENT+
primary,P:cnn_large,predictor,cnn_large,free,0.08365885416666666,0.0,0.08365885416666666,0.06595135857077206,0.1144831638710174,64,70,PRESENT+
sensitivity,O:grad/free/clean,objective,position+grad,position,0.03251488095238096,0.0,0.03251488095238096,0.02462797619047619,0.041220238095238095,70,70,NEGLIGIBLE
sensitivity,O:grad/cnn_small/clean,objective,position+grad,position,0.04551282051282052,0.07964743589743589,-0.03413461538461538,-0.04519230769230769,-0.023237179487179484,65,70,NEGLIGIBLE
sensitivity,O:grad/cnn_large/clean,objective,position+grad,position,0.02065972222222222,0.08402777777777778,-0.06336805555555555,-0.09600694444444445,-0.04244791666666667,60,70,PRESENT-
sensitivity,O:normal/free/clean,objective,position+normal,position,0.08683035714285714,0.0,0.08683035714285714,0.07797619047619048,0.09587721025910372,70,70,PRESENT+
sensitivity,O:normal/cnn_small/clean,objective,position+normal,position,0.07199754901960785,0.08026960784313723,-0.00827205882352941,-0.016544117647058824,-0.0006127450980392145,68,70,NEGLIGIBLE
sensitivity,O:normal/cnn_large/clean,objective,position+normal,position,0.05998263888888889,0.08559027777777778,-0.025607638888888888,-0.05765446282679739,-0.004340277777777776,60,70,INCONCLUSIVE
sensitivity,O:conf/free/clean,objective,position+conf,position,0.0,0.0,0.0,0.0,0.0,70,70,NEGLIGIBLE
sensitivity,O:conf/cnn_small/clean,objective,position+conf,position,0.10495580808080808,0.08096590909090909,0.023989898989898988,0.00394570707070707,0.051229435903149295,66,70,INCONCLUSIVE
sensitivity,O:conf/cnn_large/clean,objective,position+conf,position,0.11448506289308177,0.08303852201257862,0.031446540880503145,-0.007740675869404365,0.0694368814742879,53,70,INCONCLUSIVE
sensitivity,O:conf_noclip/free/clean,objective,position+conf_noclip,position,0.0,0.0,0.0,0.0,0.0,70,70,NEGLIGIBLE
sensitivity,O:conf_noclip/cnn_small/clean,objective,position+conf_noclip,position,0.08309659090909093,0.08065025252525253,0.002446338383838384,-0.009121662396019014,0.013698682598039294,66,70,NEGLIGIBLE
sensitivity,O:conf_noclip/cnn_large/clean,objective,position+conf_noclip,position,0.09129901960784313,0.08598856209150327,0.00531045751633987,-0.02630613826412918,0.040603523885044304,51,70,NEGLIGIBLE
sensitivity,T:mixed/free,target,mixed,clean,0.2948660714285715,0.0,0.2948660714285715,0.2934523809523809,0.29650297619047616,70,70,PRESENT+
sensitivity,T:mixed/cnn_small,target,mixed,clean,0.2846433080808081,0.08049242424242424,0.20415088383838384,0.1941287878787879,0.2137784090909091,66,70,PRESENT+
sensitivity,T:mixed/cnn_large,target,mixed,clean,0.288422131147541,0.08452868852459017,0.2038934426229508,0.17011699915621986,0.22489754098360656,61,70,PRESENT+
sensitivity,P:cnn_small,predictor,cnn_small,free,0.08026960784313723,0.0,0.08026960784313723,0.06881206296856979,0.09482230392156864,68,70,PRESENT+
sensitivity,P:cnn_large,predictor,cnn_large,free,0.08365885416666666,0.0,0.08365885416666666,0.06595135857077206,0.1144831638710174,64,70,PRESENT+
secondary,O:both/free/clean,objective,position+both,position,0.05952380952380953,0.0,0.05952380952380953,0.05319940476190476,0.06599702380952381,70,70,PRESENT+
secondary,O:both/cnn_small/clean,objective,position+both,position,0.043212890625,0.07975260416666666,-0.03653971354166667,-0.044026692708333336,-0.029296875,64,70,NEGLIGIBLE
secondary,O:both/cnn_large/clean,objective,position+both,position,0.02320906432748538,0.08607456140350878,-0.06286549707602339,-0.08415570175438597,-0.0466922514619883,57,70,PRESENT-
secondary,O:grad/free/mixed,objective,position+grad,position,0.31465773809523806,0.2948660714285715,0.019791666666666652,0.016517857142857126,0.023139880952380936,70,70,NEGLIGIBLE
secondary,O:grad/cnn_small/mixed,objective,position+grad,position,0.2856032338308458,0.28474813432835827,0.0008550995024875674,-0.007384950248756215,0.005907960199004982,67,70,NEGLIGIBLE
secondary,O:grad/cnn_large/mixed,objective,position+grad,position,0.27970679012345673,0.28858024691358025,-0.008873456790123456,-0.015817901234567902,-0.0023148148148148177,54,70,NEGLIGIBLE
secondary,O:normal/free/mixed,objective,position+normal,position,0.3061755952380952,0.2948660714285715,0.011309523809523797,0.008928571428571416,0.013764880952380943,70,70,NEGLIGIBLE
secondary,O:normal/cnn_small/mixed,objective,position+normal,position,0.28358208955223885,0.28474813432835827,-0.0011660447761194005,-0.004741915422885569,0.0015547263681592084,67,70,NEGLIGIBLE
secondary,O:normal/cnn_large/mixed,objective,position+normal,position,0.2902960526315789,0.289656432748538,0.0006396198830409343,-0.01005116959064328,0.014804915935672323,57,70,NEGLIGIBLE
secondary,O:conf/free/mixed,objective,position+conf,position,0.2948660714285715,0.2948660714285715,0.0,0.0,0.0,70,70,NEGLIGIBLE
secondary,O:conf/cnn_small/mixed,objective,position+conf,position,0.28740530303030304,0.28480113636363635,0.0026041666666666674,-0.00015782828282828227,0.0056029040404040435,66,70,NEGLIGIBLE
secondary,O:conf/cnn_large/mixed,objective,position+conf,position,0.30644132653061223,0.28784013605442177,0.01860119047619048,0.004889455782312927,0.03337585034013605,49,70,NEGLIGIBLE
secondary,O:conf_noclip/free/mixed,objective,position+conf_noclip,position,0.2948660714285715,0.2948660714285715,0.0,0.0,0.0,70,70,NEGLIGIBLE
secondary,O:conf_noclip/cnn_small/mixed,objective,position+conf_noclip,position,0.28117226368159204,0.28474813432835827,-0.00357587064676617,-0.011427238805970151,0.001321517412935327,67,70,NEGLIGIBLE
secondary,O:conf_noclip/cnn_large/mixed,objective,position+conf_noclip,position,0.2954861111111111,0.28923611111111114,0.006250000000000002,-0.004282407407407411,0.020486111111111115,45,70,NEGLIGIBLE
